{"cameraMode":{"drawMode":0,"name":"Shaded","section":"Shading Mode"},"sceneLighting":false,"audioPlay":false,"sceneViewState":{"showFog":false,"showMaterialUpdate":false,"showSkybox":false,"showFlares":false,"showImageEffects":false,"showParticleSystems":false},"in2DMode":false,"pivot":{"x":8.550300598144532,"y":16.600000381469728,"z":0.0},"rotation":{"x":-0.25705406069755556,"y":0.19887444376945496,"z":-0.054137472063302997,"w":-0.944170355796814},"size":235.80992126464845,"orthographic":false}