{"cameraMode":{"drawMode":0,"name":"Shaded","section":"Shading Mode"},"sceneLighting":true,"audioPlay":false,"sceneViewState":{"showFog":false,"showMaterialUpdate":false,"showSkybox":false,"showFlares":false,"showImageEffects":false,"showParticleSystems":false},"in2DMode":false,"pivot":{"x":-281.7749938964844,"y":-38.430145263671878,"z":361.0238342285156},"rotation":{"x":0.23668204247951508,"y":-0.43503499031066897,"z":0.11992521584033966,"w":0.860632061958313},"size":693.5925903320313,"orthographic":false}