{"cameraMode":{"drawMode":2,"name":"Shaded Wireframe","section":"Shading Mode"},"sceneLighting":false,"audioPlay":false,"sceneViewState":{"showFog":true,"showMaterialUpdate":false,"showSkybox":false,"showFlares":true,"showImageEffects":true,"showParticleSystems":true},"in2DMode":false,"pivot":{"x":280.6300048828125,"y":323.79998779296877,"z":694.47998046875},"rotation":{"x":-0.25850361585617068,"y":0.566330075263977,"z":-0.1930338740348816,"w":-0.7584101557731628},"size":1.208794355392456,"orthographic":false}